{
    "outputs": ["dense_1_output"],
    "c_layers": [
        {
            "next": "dense",
            "rom": 480,
            "op_by_type": {"smul_f32_f32": 120},
            "c_forward": "forward_dense",
            "c_code_emit": true,
            "macc": 120,
            "name": "dense_dense",
            "c_id": 0,
            "tensors": {
                "outputs": ["dense_dense_output"],
                "inputs": ["input_0_output"],
                "scratchs": [],
                "weights": [
                    "dense_dense_weights",
                    "dense_dense_bias"
                ]
            },
            "weight_sparsity": [
                0,
                120,
                0
            ],
            "layer_type": "dense",
            "m_id": 0
        },
        {
            "next": "dense_1_dense",
            "rom": 0,
            "op_by_type": {"op_f32_f32": 20},
            "c_forward": "forward_relu",
            "c_code_emit": true,
            "macc": 20,
            "name": "dense",
            "c_id": 1,
            "tensors": {
                "outputs": ["dense_output"],
                "inputs": ["dense_dense_output"],
                "scratchs": [],
                "weights": []
            },
            "weight_sparsity": [
                0,
                1,
                0
            ],
            "layer_type": "nl",
            "m_id": 0
        },
        {
            "next": "dense_1",
            "rom": 84,
            "op_by_type": {"smul_f32_f32": 21},
            "c_forward": "forward_dense",
            "c_code_emit": true,
            "macc": 21,
            "name": "dense_1_dense",
            "c_id": 2,
            "tensors": {
                "outputs": ["dense_1_dense_output"],
                "inputs": ["dense_output"],
                "scratchs": [],
                "weights": [
                    "dense_1_dense_weights",
                    "dense_1_dense_bias"
                ]
            },
            "weight_sparsity": [
                0,
                21,
                0
            ],
            "layer_type": "dense",
            "m_id": 1
        },
        {
            "next": "dense_1",
            "rom": 0,
            "op_by_type": {"op_f32_f32": 10},
            "c_forward": "forward_tanh",
            "c_code_emit": true,
            "macc": 10,
            "name": "dense_1",
            "c_id": 3,
            "tensors": {
                "outputs": ["dense_1_output"],
                "inputs": ["dense_1_dense_output"],
                "scratchs": [],
                "weights": []
            },
            "weight_sparsity": [
                0,
                1,
                0
            ],
            "layer_type": "nl",
            "m_id": 1
        }
    ],
    "data_alignment": 4,
    "compilation_options": {
        "optimization": "balanced",
        "options": [
            "allocate-inputs",
            "allocate-outputs"
        ],
        "compression": "none"
    },
    "inputs": ["input_0_output"],
    "macc": 171,
    "c_weights_header": 0,
    "activations_alignment": 4,
    "c_nodes_n": 4,
    "c_tensors_n": 9,
    "type": "keras",
    "c_arrays": [
        {
            "mem_pool": "activations",
            "offset": 0,
            "is_const": false,
            "format": "float32",
            "n_items": 5,
            "tensors": [{
                "shape": [
                    1,
                    5
                ],
                "name": "input_0_output"
            }],
            "raw_fmt": "(FLOAT, 32 bit, C Size: 32 bits)",
            "c_mem_pool": "**default**",
            "padded": true,
            "size": 5,
            "c_type": "float",
            "name": "input_0_output_array",
            "c_id": 0,
            "c_bits": 32,
            "c_size_in_byte": 20,
            "io_type": "input"
        },
        {
            "mem_pool": "activations",
            "offset": 20,
            "is_const": false,
            "format": "float32",
            "n_items": 20,
            "tensors": [{
                "shape": [
                    1,
                    20
                ],
                "name": "dense_dense_output"
            }],
            "raw_fmt": "(FLOAT, 32 bit, C Size: 32 bits)",
            "c_mem_pool": "**default**",
            "padded": true,
            "size": 20,
            "c_type": "float",
            "name": "dense_dense_output_array",
            "c_id": 1,
            "c_bits": 32,
            "c_size_in_byte": 80
        },
        {
            "mem_pool": "activations",
            "offset": 20,
            "is_const": false,
            "format": "float32",
            "n_items": 20,
            "tensors": [{
                "shape": [
                    1,
                    20
                ],
                "name": "dense_output"
            }],
            "raw_fmt": "(FLOAT, 32 bit, C Size: 32 bits)",
            "c_mem_pool": "**default**",
            "padded": true,
            "size": 20,
            "c_type": "float",
            "name": "dense_output_array",
            "c_id": 2,
            "c_bits": 32,
            "c_size_in_byte": 80
        },
        {
            "mem_pool": "activations",
            "offset": 0,
            "is_const": false,
            "format": "float32",
            "n_items": 1,
            "tensors": [{
                "shape": [
                    1,
                    1
                ],
                "name": "dense_1_dense_output"
            }],
            "raw_fmt": "(FLOAT, 32 bit, C Size: 32 bits)",
            "c_mem_pool": "**default**",
            "padded": true,
            "size": 1,
            "c_type": "float",
            "name": "dense_1_dense_output_array",
            "c_id": 3,
            "c_bits": 32,
            "c_size_in_byte": 4
        },
        {
            "mem_pool": "activations",
            "offset": 4,
            "is_const": false,
            "format": "float32",
            "n_items": 1,
            "tensors": [{
                "shape": [
                    1,
                    1
                ],
                "name": "dense_1_output"
            }],
            "raw_fmt": "(FLOAT, 32 bit, C Size: 32 bits)",
            "c_mem_pool": "**default**",
            "padded": true,
            "size": 1,
            "c_type": "float",
            "name": "dense_1_output_array",
            "c_id": 4,
            "c_bits": 32,
            "c_size_in_byte": 4,
            "io_type": "output"
        },
        {
            "mem_pool": "weights",
            "offset": 0,
            "is_const": true,
            "format": "float32",
            "n_items": 100,
            "tensors": [{
                "shape": [
                    5,
                    20
                ],
                "name": "dense_dense_weights"
            }],
            "zeros": 0,
            "raw_fmt": "(FLOAT, 32 bit, C Size: 32 bits)",
            "c_mem_pool": "weights",
            "padded": true,
            "size": 100,
            "c_type": "const float",
            "name": "dense_dense_weights_array",
            "c_id": 5,
            "c_bits": 32,
            "c_size_in_byte": 400
        },
        {
            "mem_pool": "weights",
            "offset": 400,
            "is_const": true,
            "format": "float32",
            "n_items": 20,
            "tensors": [{
                "shape": [20],
                "name": "dense_dense_bias"
            }],
            "zeros": 0,
            "raw_fmt": "(FLOAT, 32 bit, C Size: 32 bits)",
            "c_mem_pool": "weights",
            "padded": true,
            "size": 20,
            "c_type": "const float",
            "name": "dense_dense_bias_array",
            "c_id": 6,
            "c_bits": 32,
            "c_size_in_byte": 80
        },
        {
            "mem_pool": "weights",
            "offset": 480,
            "is_const": true,
            "format": "float32",
            "n_items": 20,
            "tensors": [{
                "shape": [
                    20,
                    1
                ],
                "name": "dense_1_dense_weights"
            }],
            "zeros": 0,
            "raw_fmt": "(FLOAT, 32 bit, C Size: 32 bits)",
            "c_mem_pool": "weights",
            "padded": true,
            "size": 20,
            "c_type": "const float",
            "name": "dense_1_dense_weights_array",
            "c_id": 7,
            "c_bits": 32,
            "c_size_in_byte": 80
        },
        {
            "mem_pool": "weights",
            "offset": 560,
            "is_const": true,
            "format": "float32",
            "n_items": 1,
            "tensors": [{
                "shape": [1],
                "name": "dense_1_dense_bias"
            }],
            "zeros": 0,
            "raw_fmt": "(FLOAT, 32 bit, C Size: 32 bits)",
            "c_mem_pool": "weights",
            "padded": true,
            "size": 1,
            "c_type": "const float",
            "name": "dense_1_dense_bias_array",
            "c_id": 8,
            "c_bits": 32,
            "c_size_in_byte": 4
        }
    ],
    "c_activations_count": 1,
    "date_time": "Mon Jan  8 16:11:42 2024",
    "model_name": "dummy_nn",
    "tool_version": {
        "major": 1,
        "minor": 7,
        "micro": 0
    },
    "c_intq_n": 0,
    "stm_ai_version": {
        "major": 8,
        "minor": 1,
        "micro": 0,
        "extra": "19520"
    },
    "model_fmt": "float",
    "c_weights_count": 1,
    "weights": {"weights_array": {
        "buffer_data_size": 564,
        "buffer_crc": 0,
        "pool_size": 564,
        "buffer_c_type": "u64",
        "buffer_c_name": "s_dummynn_weights_array_u64",
        "buffer_offsets": [
            {
                "lite_tag": null,
                "offset": 0,
                "size": 400,
                "start_offset": 0,
                "buffer_name": "dense_dense_weights_array"
            },
            {
                "lite_tag": null,
                "offset": 400,
                "size": 80,
                "start_offset": 400,
                "buffer_name": "dense_dense_bias_array"
            },
            {
                "lite_tag": null,
                "offset": 480,
                "size": 80,
                "start_offset": 480,
                "buffer_name": "dense_1_dense_weights_array"
            },
            {
                "lite_tag": null,
                "offset": 560,
                "size": 4,
                "start_offset": 560,
                "buffer_name": "dense_1_dense_bias_array"
            }
        ],
        "buffer_c_name_addr": "s_dummynn_weights_array_u64",
        "buffer_c_count": 71,
        "pool_id": 0,
        "buffer_c_data": []
    }},
    "memory_footprint": {
        "kernel_ram": 1488,
        "kernel_flash": 10716,
        "io": [
            0,
            0
        ],
        "series": "stm32l4",
        "activations": 100,
        "toolchain_flash": 948,
        "toolchain_ram": 0,
        "weights": 564,
        "toolchain": "arm-none-eabi-gcc (15:10.3-2021.07-4) 10.3.1 20210621 (release)"
    },
    "version": "1.2",
    "tool_api_version": {
        "major": 1,
        "minor": 5,
        "micro": 0
    },
    "model_signature": "41dda347af22f9fd43c4e2bdce154c6f",
    "params_alignment": 4,
    "activations": {"heap_overlay_pool": {
        "buffer_data_size": 0,
        "pool_size": 100,
        "buffer_c_name": "NULL",
        "buffer_offsets": [
            {
                "lite_tag": null,
                "offset": 0,
                "size": 20,
                "start_offset": 0,
                "buffer_name": "input_0_output_array"
            },
            {
                "lite_tag": null,
                "offset": 20,
                "size": 80,
                "start_offset": 20,
                "buffer_name": "dense_dense_output_array"
            },
            {
                "lite_tag": null,
                "offset": 20,
                "size": 80,
                "start_offset": 20,
                "buffer_name": "dense_output_array"
            },
            {
                "lite_tag": null,
                "offset": 0,
                "size": 4,
                "start_offset": 0,
                "buffer_name": "dense_1_dense_output_array"
            },
            {
                "lite_tag": null,
                "offset": 4,
                "size": 4,
                "start_offset": 4,
                "buffer_name": "dense_1_output_array"
            }
        ],
        "buffer_c_name_addr": "NULL",
        "pool_id": 0
    }},
    "c_arrays_n": 9,
    "c_name": "dummynn",
    "memory_pools": []
}