{
    "_allocate_inputs": 4,
    "_allocate_outputs": 4,
    "cli_parameters": "generate --name dummynn -m /home/vahu72/Documents/ESEO/Machine_Learning/Projet/pythonProject/model.h5 -m /home/vahu72/Documents/ESEO/Machine_Learning/Projet/pythonProject/model.json --type keras --compression none --verbosity 1 --workspace /tmp/mxAI_workspace1105209675099717723377783835602828 --output /home/vahu72/.stm32cubemx/dummynn_output --allocate-inputs --series stm32l4 --allocate-outputs",
    "cli_version": {
        "major": 1,
        "micro": 0,
        "minor": 7
    },
    "cli_version_str": "1.7.0",
    "code_size": 0,
    "compression": {
        "factor": null,
        "layers": {}
    },
    "date_time": "Mon Jan  8 17:20:41 2024",
    "error": 0,
    "error_str": [],
    "exec_cmd": "generate",
    "exec_duration": 0.0,
    "hash": "d7e79d28f8f20a9dcc72d28208025ddb",
    "inputs": [
        "input_0"
    ],
    "layers": [
        {
            "c_id": [
                0,
                1
            ],
            "extras": {
                "n_macc": 0,
                "n_params": 0,
                "psize": 0,
                "rom_output": {
                    "c_size": 1200,
                    "fmt": {
                        "format": "float"
                    },
                    "shape": [
                        100,
                        3,
                        1
                    ]
                },
                "rom_size": 1600
            },
            "id": 0,
            "inputs": [],
            "name": "input_0",
            "original": null,
            "type": "Input"
        },
        {
            "c_id": [],
            "extras": {
                "n_macc": 40000,
                "n_params": 400,
                "psize": 1600,
                "rom_output": {
                    "c_size": 40000,
                    "fmt": {
                        "format": "float"
                    },
                    "shape": [
                        100,
                        100,
                        1
                    ]
                },
                "rom_size": 0
            },
            "id": 0,
            "inputs": [
                "input_0"
            ],
            "name": "dense_dense",
            "original": "Dense",
            "type": "Dense"
        },
        {
            "c_id": [],
            "extras": {
                "n_macc": 10000,
                "n_params": 0,
                "psize": 0,
                "rom_output": {
                    "c_size": 40000,
                    "fmt": {
                        "format": "float"
                    },
                    "shape": [
                        100,
                        100,
                        1
                    ]
                },
                "rom_size": 0
            },
            "id": 0,
            "inputs": [
                "dense_dense"
            ],
            "name": "dense",
            "original": "Dense",
            "type": "Nonlinearity"
        },
        {
            "c_id": [
                2,
                3
            ],
            "extras": {
                "n_macc": 505000,
                "n_params": 5050,
                "psize": 20200,
                "rom_output": {
                    "c_size": 20000,
                    "fmt": {
                        "format": "float"
                    },
                    "shape": [
                        100,
                        50,
                        1
                    ]
                },
                "rom_size": 20200
            },
            "id": 2,
            "inputs": [
                "dense"
            ],
            "name": "dense_1_dense",
            "original": "Dense",
            "type": "Dense"
        },
        {
            "c_id": [],
            "extras": {
                "n_macc": 5000,
                "n_params": 0,
                "psize": 0,
                "rom_output": {
                    "c_size": 20000,
                    "fmt": {
                        "format": "float"
                    },
                    "shape": [
                        100,
                        50,
                        1
                    ]
                },
                "rom_size": 0
            },
            "id": 2,
            "inputs": [
                "dense_1_dense"
            ],
            "name": "dense_1",
            "original": "Dense",
            "type": "Nonlinearity"
        },
        {
            "c_id": [
                4,
                5
            ],
            "extras": {
                "n_macc": 127500,
                "n_params": 1275,
                "psize": 5100,
                "rom_output": {
                    "c_size": 10000,
                    "fmt": {
                        "format": "float"
                    },
                    "shape": [
                        100,
                        25,
                        1
                    ]
                },
                "rom_size": 5100
            },
            "id": 4,
            "inputs": [
                "dense_1"
            ],
            "name": "dense_2_dense",
            "original": "Dense",
            "type": "Dense"
        },
        {
            "c_id": [],
            "extras": {
                "n_macc": 2500,
                "n_params": 0,
                "psize": 0,
                "rom_output": {
                    "c_size": 10000,
                    "fmt": {
                        "format": "float"
                    },
                    "shape": [
                        100,
                        25,
                        1
                    ]
                },
                "rom_size": 0
            },
            "id": 4,
            "inputs": [
                "dense_2_dense"
            ],
            "name": "dense_2",
            "original": "Dense",
            "type": "Nonlinearity"
        },
        {
            "c_id": [],
            "extras": {
                "n_macc": 0,
                "n_params": 0,
                "psize": 0,
                "rom_size": 0
            },
            "id": 5,
            "inputs": [
                "dense_2"
            ],
            "name": "flatten",
            "original": "Flatten",
            "type": "Reshape"
        },
        {
            "c_id": [
                6,
                7
            ],
            "extras": {
                "n_macc": 2501,
                "n_params": 2501,
                "psize": 10004,
                "rom_output": {
                    "c_size": 4,
                    "fmt": {
                        "format": "float"
                    },
                    "shape": [
                        1,
                        1
                    ]
                },
                "rom_size": 10004
            },
            "id": 6,
            "inputs": [
                "flatten"
            ],
            "name": "dense_3_dense",
            "original": "Dense",
            "type": "Dense"
        },
        {
            "c_id": [],
            "extras": {
                "n_macc": 10,
                "n_params": 0,
                "psize": 0,
                "rom_output": {
                    "c_size": 4,
                    "fmt": {
                        "format": "float"
                    },
                    "shape": [
                        1,
                        1
                    ]
                },
                "rom_size": 0
            },
            "id": 6,
            "inputs": [
                "dense_3_dense"
            ],
            "name": "dense_3",
            "original": "Dense",
            "type": "Nonlinearity"
        }
    ],
    "model_files": [
        "/home/vahu72/Documents/ESEO/Machine_Learning/Projet/pythonProject/model.h5",
        "/home/vahu72/Documents/ESEO/Machine_Learning/Projet/pythonProject/model.json"
    ],
    "model_n_params": 9226,
    "model_name": "model",
    "model_size": 36904,
    "model_type": "keras",
    "name": "dummynn",
    "outputs": [
        "dense_3"
    ],
    "ram_io_size": [
        1200,
        4
    ],
    "ram_size": [
        60000,
        60000
    ],
    "report_version": 1.1,
    "rom_cfact": 1.0,
    "rom_heap_inspector": 2048,
    "rom_inputs": [
        {
            "c_size": 1200,
            "c_type": "float",
            "name": "input_0"
        }
    ],
    "rom_n_macc": 692511,
    "rom_outputs": [
        {
            "c_size": 4,
            "c_type": "float",
            "name": "dense_3"
        }
    ],
    "rom_size": 36904,
    "strategy": "heap_overlay",
    "tools_api_version": {
        "major": 1,
        "micro": 0,
        "minor": 7
    },
    "tools_version": {
        "extra": "19520",
        "major": 8,
        "micro": 0,
        "minor": 1
    },
    "val_error": -1.0,
    "val_error_desc": "None (None) #-1",
    "val_metrics": []
}