{
    "_allocate_inputs": 4,
    "_allocate_outputs": 4,
    "cli_parameters": "analyze --name dummynn -m /home/vahu72/Documents/ESEO/Machine_Learning/Projet/MLSE-DummyNN/dummy_nn.h5 -m /home/vahu72/Documents/ESEO/Machine_Learning/Projet/MLSE-DummyNN/dummy_nn.json --type keras --compression none --verbosity 1 --workspace /tmp/mxAI_workspace691332834349117054010276575912057 --output /home/vahu72/.stm32cubemx/dummynn_output --allocate-inputs --series stm32l4 --allocate-outputs",
    "cli_version": {
        "major": 1,
        "micro": 0,
        "minor": 7
    },
    "cli_version_str": "1.7.0",
    "code_size": 0,
    "compression": {
        "factor": null,
        "layers": {}
    },
    "date_time": "Mon Jan  8 16:11:42 2024",
    "error": 0,
    "error_str": [],
    "exec_cmd": "analyze",
    "exec_duration": 0.0,
    "hash": "41dda347af22f9fd43c4e2bdce154c6f",
    "inputs": [
        "input_0"
    ],
    "layers": [
        {
            "c_id": [
                0,
                1
            ],
            "extras": {
                "n_macc": 0,
                "n_params": 0,
                "psize": 0,
                "rom_output": {
                    "c_size": 20,
                    "fmt": {
                        "format": "float"
                    },
                    "shape": [
                        5,
                        1
                    ]
                },
                "rom_size": 480
            },
            "id": 0,
            "inputs": [],
            "name": "input_0",
            "original": null,
            "type": "Input"
        },
        {
            "c_id": [],
            "extras": {
                "n_macc": 120,
                "n_params": 120,
                "psize": 480,
                "rom_output": {
                    "c_size": 80,
                    "fmt": {
                        "format": "float"
                    },
                    "shape": [
                        20,
                        1
                    ]
                },
                "rom_size": 0
            },
            "id": 0,
            "inputs": [
                "input_0"
            ],
            "name": "dense_dense",
            "original": "Dense",
            "type": "Dense"
        },
        {
            "c_id": [],
            "extras": {
                "n_macc": 20,
                "n_params": 0,
                "psize": 0,
                "rom_output": {
                    "c_size": 80,
                    "fmt": {
                        "format": "float"
                    },
                    "shape": [
                        20,
                        1
                    ]
                },
                "rom_size": 0
            },
            "id": 0,
            "inputs": [
                "dense_dense"
            ],
            "name": "dense",
            "original": "Dense",
            "type": "Nonlinearity"
        },
        {
            "c_id": [
                2,
                3
            ],
            "extras": {
                "n_macc": 21,
                "n_params": 21,
                "psize": 84,
                "rom_output": {
                    "c_size": 4,
                    "fmt": {
                        "format": "float"
                    },
                    "shape": [
                        1,
                        1
                    ]
                },
                "rom_size": 84
            },
            "id": 1,
            "inputs": [
                "dense"
            ],
            "name": "dense_1_dense",
            "original": "Dense",
            "type": "Dense"
        },
        {
            "c_id": [],
            "extras": {
                "n_macc": 10,
                "n_params": 0,
                "psize": 0,
                "rom_output": {
                    "c_size": 4,
                    "fmt": {
                        "format": "float"
                    },
                    "shape": [
                        1,
                        1
                    ]
                },
                "rom_size": 0
            },
            "id": 1,
            "inputs": [
                "dense_1_dense"
            ],
            "name": "dense_1",
            "original": "Dense",
            "type": "Nonlinearity"
        }
    ],
    "model_files": [
        "/home/vahu72/Documents/ESEO/Machine_Learning/Projet/MLSE-DummyNN/dummy_nn.h5",
        "/home/vahu72/Documents/ESEO/Machine_Learning/Projet/MLSE-DummyNN/dummy_nn.json"
    ],
    "model_n_params": 141,
    "model_name": "dummy_nn",
    "model_size": 564,
    "model_type": "keras",
    "name": "dummynn",
    "outputs": [
        "dense_1"
    ],
    "ram_io_size": [
        20,
        4
    ],
    "ram_size": [
        100,
        100
    ],
    "report_version": 1.1,
    "rom_cfact": 1.0,
    "rom_heap_inspector": 2048,
    "rom_inputs": [
        {
            "c_size": 20,
            "c_type": "float",
            "name": "input_0"
        }
    ],
    "rom_n_macc": 171,
    "rom_outputs": [
        {
            "c_size": 4,
            "c_type": "float",
            "name": "dense_1"
        }
    ],
    "rom_size": 564,
    "strategy": "heap_overlay",
    "tools_api_version": {
        "major": 1,
        "micro": 0,
        "minor": 7
    },
    "tools_version": {
        "extra": "19520",
        "major": 8,
        "micro": 0,
        "minor": 1
    },
    "val_error": -1.0,
    "val_error_desc": "None (None) #-1",
    "val_metrics": []
}